{
  "properties": {
    "connectionReferences": {
      "shared_powerbi": {
        "runtimeSource": "invoker",
        "connection": {
          "connectionReferenceLogicalName": "cft_sharedpowerbi_18a9e"
        },
        "api": {
          "name": "shared_powerbi"
        }
      }
    },
    "definition": {
      "$schema": "https://schema.management.azure.com/providers/Microsoft.Logic/schemas/2016-06-01/workflowdefinition.json#",
      "contentVersion": "1.0.0.0",
      "parameters": {
        "$connections": {
          "defaultValue": {},
          "type": "Object"
        },
        "$authentication": {
          "defaultValue": {},
          "type": "SecureObject"
        },
        "Semantic Model ID (cft_SemanticModelID)": {
          "defaultValue": "bd42665f-16dc-4c21-8893-12074b4ea517",
          "type": "String",
          "metadata": {
            "schemaName": "cft_SemanticModelID"
          }
        },
        "Workspace ID (cft_WorkspaceID)": {
          "defaultValue": "f9bf422e-1476-4fdb-b96b-c2f5e5161519",
          "type": "String",
          "metadata": {
            "schemaName": "cft_WorkspaceID"
          }
        }
      },
      "triggers": {
        "manual": {
          "metadata": {
            "operationMetadataId": "1b580d09-7a42-4936-a06a-a78fc090a93d"
          },
          "type": "Request",
          "kind": "Button",
          "inputs": {
            "schema": {
              "type": "object",
              "properties": {},
              "required": []
            }
          }
        }
      },
      "actions": {
        "Set_Workspace_ID": {
          "runAfter": {},
          "metadata": {
            "operationMetadataId": "c7631d50-60b5-4f3c-ad3f-61f688a4725e"
          },
          "type": "InitializeVariable",
          "inputs": {
            "variables": [
              {
                "name": "strWorkspaceID",
                "type": "string",
                "value": "@parameters('Workspace ID (cft_WorkspaceID)')"
              }
            ]
          }
        },
        "Set_Semantic_Model_ID": {
          "runAfter": {
            "Set_Workspace_ID": [
              "Succeeded"
            ]
          },
          "metadata": {
            "operationMetadataId": "3249d28e-086b-47a9-bef6-3181a6aae771"
          },
          "type": "InitializeVariable",
          "inputs": {
            "variables": [
              {
                "name": "strSemanticModelID",
                "type": "string",
                "value": "@parameters('Semantic Model ID (cft_SemanticModelID)')"
              }
            ]
          }
        },
        "Retrieve_Tests": {
          "runAfter": {
            "Track_Test_Successes": [
              "Succeeded"
            ]
          },
          "metadata": {
            "operationMetadataId": "0bc90bdb-e985-4bab-b8ef-d5f7f341c109"
          },
          "type": "OpenApiConnection",
          "inputs": {
            "host": {
              "connectionName": "shared_powerbi",
              "operationId": "ExecuteDatasetQuery",
              "apiId": "/providers/Microsoft.PowerApps/apis/shared_powerbi"
            },
            "parameters": {
              "groupid": "@variables('strWorkspaceID')",
              "datasetid": "@variables('strSemanticModelID')",
              "specification/query": "EVALUATE PQL.Assert.RetrieveTestsByEnvironment(\"@{variables('strEnv')}\")",
              "specification/serializerSettings/includeNulls": false
            },
            "authentication": {
              "type": "Raw",
              "value": "@json(decodeBase64(triggerOutputs().headers['X-MS-APIM-Tokens']))['$ConnectionKey']"
            }
          }
        },
        "Append_Body_to_arrErrors": {
          "runAfter": {
            "Append_to_Semantic_Model_ID_to_arrErrors": [
              "Succeeded"
            ]
          },
          "metadata": {
            "operationMetadataId": "8a820c06-5ab9-46ea-99e2-225c6d8a51bf"
          },
          "type": "AppendToArrayVariable",
          "inputs": {
            "name": "arrErrors",
            "value": "@body('Retrieve_Tests')"
          }
        },
        "Set_Array_for_Error_Tracking": {
          "runAfter": {
            "Set_Environment_for_Tests": [
              "Succeeded"
            ]
          },
          "metadata": {
            "operationMetadataId": "f620eec7-038f-4259-8d89-2e6627bf1f45"
          },
          "type": "InitializeVariable",
          "inputs": {
            "variables": [
              {
                "name": "arrErrors",
                "type": "array"
              }
            ]
          }
        },
        "Parse_Results": {
          "runAfter": {
            "Retrieve_Tests": [
              "Succeeded"
            ]
          },
          "metadata": {
            "operationMetadataId": "452db9c4-e4ff-483c-bbc8-e635f39e1ee9"
          },
          "type": "ParseJson",
          "inputs": {
            "content": "@outputs('Retrieve_Tests')?['body/firstTableRows']",
            "schema": {
              "type": "array",
              "items": {
                "type": "object",
                "properties": {
                  "[FUNCTION_NAME]": {
                    "type": "string"
                  },
                  "[DESCRIPTION]": {
                    "type": "string"
                  },
                  "[ORIGIN]": {
                    "type": "integer"
                  },
                  "[INTERFACE_NAME]": {
                    "type": "string"
                  }
                },
                "required": [
                  "[FUNCTION_NAME]",
                  "[DESCRIPTION]",
                  "[ORIGIN]",
                  "[INTERFACE_NAME]"
                ]
              }
            }
          }
        },
        "Append_to_Semantic_Model_ID_to_arrErrors": {
          "runAfter": {
            "Retrieve_Tests": [
              "Failed",
              "Skipped",
              "TimedOut"
            ]
          },
          "metadata": {
            "operationMetadataId": "cb863f75-5096-46b1-b558-e0b041d23881"
          },
          "type": "AppendToArrayVariable",
          "inputs": {
            "name": "arrErrors",
            "value": "Semantic Model ID: @{variables('strSemanticModelID')}"
          }
        },
        "Set_Array_for_Tests_to_Run": {
          "runAfter": {
            "Set_Array_for_Error_Tracking": [
              "Succeeded"
            ]
          },
          "metadata": {
            "operationMetadataId": "b76b76af-859a-45f3-9df0-a297bce3ce91"
          },
          "type": "InitializeVariable",
          "inputs": {
            "variables": [
              {
                "name": "arrTestsToRun",
                "type": "array"
              }
            ]
          }
        },
        "Build_Each_Test": {
          "foreach": "@body('Parse_Results')",
          "actions": {
            "Setup_Tests": {
              "runAfter": {},
              "metadata": {
                "operationMetadataId": "35ec385c-c335-4192-91f7-676b741bd7f4"
              },
              "type": "AppendToArrayVariable",
              "inputs": {
                "name": "arrTestsToRun",
                "value": "EVALUATE @{items('Build_Each_Test')['[FUNCTION_NAME]']}()"
              }
            }
          },
          "runAfter": {
            "Parse_Results": [
              "Succeeded"
            ]
          },
          "metadata": {
            "operationMetadataId": "10211f94-2be5-4408-b57c-c7ed3ab47326"
          },
          "type": "Foreach"
        },
        "Track_Test_Failures": {
          "runAfter": {
            "Set_Array_for_Tests_to_Run": [
              "Succeeded"
            ]
          },
          "metadata": {
            "operationMetadataId": "8b3565f4-666c-4ec8-ab43-91b208aca49c"
          },
          "type": "InitializeVariable",
          "inputs": {
            "variables": [
              {
                "name": "arrTestFailures",
                "type": "array"
              }
            ]
          }
        },
        "Track_Test_Successes": {
          "runAfter": {
            "Track_Test_Failures": [
              "Succeeded"
            ]
          },
          "metadata": {
            "operationMetadataId": "bb3d6ccb-b694-474e-9af9-cbe27a0b4be4"
          },
          "type": "InitializeVariable",
          "inputs": {
            "variables": [
              {
                "name": "arrTestSuccesses",
                "type": "array"
              }
            ]
          }
        },
        "Condition": {
          "actions": {
            "Log_Errors": {
              "runAfter": {},
              "metadata": {
                "operationMetadataId": "d14f82f6-55b9-4773-a86a-f0d9d537add5"
              },
              "type": "Terminate",
              "inputs": {
                "runStatus": "Failed",
                "runError": {
                  "code": "500",
                  "message": "@{variables('arrTestFailures')}@{variables('arrErrors')}"
                }
              }
            }
          },
          "runAfter": {
            "Scope_-_Executing_Tests": [
              "Succeeded",
              "Failed",
              "Skipped",
              "TimedOut"
            ]
          },
          "else": {
            "actions": {
              "No_Error": {
                "runAfter": {},
                "metadata": {
                  "operationMetadataId": "ec31b6e5-ee5b-42fd-a1f5-bd761fb362f3"
                },
                "type": "Terminate",
                "inputs": {
                  "runStatus": "Succeeded"
                }
              }
            }
          },
          "expression": {
            "or": [
              {
                "greater": [
                  "@length(variables('arrTestFailures'))",
                  0
                ]
              },
              {
                "greater": [
                  "@length(variables('arrErrors'))",
                  0
                ]
              }
            ]
          },
          "metadata": {
            "operationMetadataId": "d95575a6-3337-4da6-832f-ce6041b35e43"
          },
          "type": "If"
        },
        "Scope_-_Executing_Tests": {
          "actions": {
            "Execute_Each_Test": {
              "foreach": "@variables('arrTestsToRun')",
              "actions": {
                "Execute_Test": {
                  "runAfter": {},
                  "metadata": {
                    "operationMetadataId": "0bc90bdb-e985-4bab-b8ef-d5f7f341c109"
                  },
                  "type": "OpenApiConnection",
                  "inputs": {
                    "host": {
                      "connectionName": "shared_powerbi",
                      "operationId": "ExecuteDatasetQuery",
                      "apiId": "/providers/Microsoft.PowerApps/apis/shared_powerbi"
                    },
                    "parameters": {
                      "groupid": "@variables('strWorkspaceID')",
                      "datasetid": "@variables('strSemanticModelID')",
                      "specification/query": "@items('Execute_Each_Test')",
                      "specification/serializerSettings/includeNulls": false
                    },
                    "authentication": {
                      "type": "Raw",
                      "value": "@json(decodeBase64(triggerOutputs().headers['X-MS-APIM-Tokens']))['$ConnectionKey']"
                    }
                  }
                },
                "Parse_Test_Results": {
                  "runAfter": {
                    "Execute_Test": [
                      "Succeeded"
                    ]
                  },
                  "metadata": {
                    "operationMetadataId": "5f436208-0fe5-4d2b-b035-5a097d1f8f55"
                  },
                  "type": "ParseJson",
                  "inputs": {
                    "content": "@outputs('Execute_Test')?['body/firstTableRows']",
                    "schema": {
                      "type": "array",
                      "items": {
                        "type": "object",
                        "properties": {
                          "[TestName]": {
                            "type": "string"
                          },
                          "[Expected]": {
                            "type": "string"
                          },
                          "[Actual]": {
                            "type": "string"
                          },
                          "[Passed]": {
                            "type": "boolean"
                          }
                        },
                        "required": [
                          "[TestName]",
                          "[Expected]",
                          "[Actual]",
                          "[Passed]"
                        ]
                      }
                    }
                  }
                },
                "Filter_for_passed_tests": {
                  "runAfter": {
                    "Parse_Test_Results": [
                      "Succeeded"
                    ]
                  },
                  "metadata": {
                    "operationMetadataId": "6fbeb7ea-0d7f-45e9-9615-ded2f6c5a6a4"
                  },
                  "type": "Query",
                  "inputs": {
                    "from": "@body('Parse_Test_Results')",
                    "where": "@equals(item()['[Passed]'], true)"
                  }
                },
                "Apply_to_each_successes": {
                  "foreach": "@body('Filter_for_passed_tests')",
                  "actions": {
                    "Append_to_arrTestSuccesses_2": {
                      "runAfter": {},
                      "metadata": {
                        "operationMetadataId": "8a820c06-5ab9-46ea-99e2-225c6d8a51bf"
                      },
                      "type": "AppendToArrayVariable",
                      "inputs": {
                        "name": "arrTestSuccesses",
                        "value": "@items('Apply_to_each_successes')"
                      }
                    }
                  },
                  "runAfter": {
                    "Filter_for_passed_tests": [
                      "Succeeded"
                    ]
                  },
                  "metadata": {
                    "operationMetadataId": "d7bd5d64-698f-40d1-8929-e0406be7ba82"
                  },
                  "type": "Foreach"
                },
                "Apply_to_each_failures": {
                  "foreach": "@body('Filter_for_failed_tests')",
                  "actions": {
                    "Append_to_arrTestFailures_2": {
                      "runAfter": {},
                      "metadata": {
                        "operationMetadataId": "948e83a1-07b5-4898-810c-638425d82cc0"
                      },
                      "type": "AppendToArrayVariable",
                      "inputs": {
                        "name": "arrTestFailures",
                        "value": "@items('Apply_to_each_failures')"
                      }
                    }
                  },
                  "runAfter": {
                    "Filter_for_failed_tests": [
                      "Succeeded"
                    ]
                  },
                  "metadata": {
                    "operationMetadataId": "358b933f-b97d-4800-b82c-f312138f432d"
                  },
                  "type": "Foreach"
                },
                "Filter_for_failed_tests": {
                  "runAfter": {
                    "Apply_to_each_successes": [
                      "Succeeded"
                    ]
                  },
                  "metadata": {
                    "operationMetadataId": "ac95a648-07f8-4996-b435-8a773d0dc918"
                  },
                  "type": "Query",
                  "inputs": {
                    "from": "@body('Parse_Test_Results')",
                    "where": "@equals(item()['[Passed]'], false)"
                  }
                },
                "Append_Failed_Test_Execution_to_arrErrors": {
                  "runAfter": {
                    "Execute_Test": [
                      "Failed",
                      "Skipped",
                      "TimedOut"
                    ]
                  },
                  "metadata": {
                    "operationMetadataId": "8a820c06-5ab9-46ea-99e2-225c6d8a51bf"
                  },
                  "type": "AppendToArrayVariable",
                  "inputs": {
                    "name": "arrErrors",
                    "value": "@body('Retrieve_Tests')"
                  }
                },
                "Append_Parse_Error": {
                  "runAfter": {
                    "Parse_Test_Results": [
                      "Failed",
                      "Skipped",
                      "TimedOut"
                    ]
                  },
                  "metadata": {
                    "operationMetadataId": "8a820c06-5ab9-46ea-99e2-225c6d8a51bf"
                  },
                  "type": "AppendToArrayVariable",
                  "inputs": {
                    "name": "arrErrors",
                    "value": "Unable to Parse Test Results from @{items('Execute_Each_Test')}: @{outputs('Execute_Test')?['body/firstTableRows']}"
                  }
                }
              },
              "runAfter": {},
              "metadata": {
                "operationMetadataId": "8cda14ab-7bc7-4896-96a6-a379bd48a6f5"
              },
              "type": "Foreach"
            }
          },
          "runAfter": {
            "Build_Each_Test": [
              "Succeeded"
            ]
          },
          "metadata": {
            "operationMetadataId": "a2ce463b-2f9b-40e7-a75c-9d518ca7d26d"
          },
          "type": "Scope"
        },
        "Set_Environment_for_Tests": {
          "runAfter": {
            "Set_Semantic_Model_ID": [
              "Succeeded"
            ]
          },
          "metadata": {
            "operationMetadataId": "569bfefb-f380-415e-ac12-18303516a5be"
          },
          "type": "InitializeVariable",
          "inputs": {
            "variables": [
              {
                "name": "strEnv",
                "type": "string",
                "value": "PROD"
              }
            ]
          }
        }
      }
    },
    "templateName": ""
  },
  "schemaVersion": "1.0.0.0"
}